[{"model": "contenttypes.contenttype", "pk": 1, "fields": {"app_label": "admin", "model": "logentry"}}, {"model": "contenttypes.contenttype", "pk": 2, "fields": {"app_label": "auth", "model": "permission"}}, {"model": "contenttypes.contenttype", "pk": 3, "fields": {"app_label": "auth", "model": "group"}}, {"model": "contenttypes.contenttype", "pk": 4, "fields": {"app_label": "auth", "model": "user"}}, {"model": "contenttypes.contenttype", "pk": 5, "fields": {"app_label": "contenttypes", "model": "contenttype"}}, {"model": "contenttypes.contenttype", "pk": 6, "fields": {"app_label": "sessions", "model": "session"}}, {"model": "contenttypes.contenttype", "pk": 7, "fields": {"app_label": "authtoken", "model": "token"}}, {"model": "contenttypes.contenttype", "pk": 8, "fields": {"app_label": "base", "model": "auth"}}, {"model": "contenttypes.contenttype", "pk": 9, "fields": {"app_label": "base", "model": "key"}}, {"model": "contenttypes.contenttype", "pk": 10, "fields": {"app_label": "census", "model": "census"}}, {"model": "contenttypes.contenttype", "pk": 11, "fields": {"app_label": "mixnet", "model": "mixnet"}}, {"model": "contenttypes.contenttype", "pk": 12, "fields": {"app_label": "store", "model": "vote"}}, {"model": "contenttypes.contenttype", "pk": 13, "fields": {"app_label": "voting", "model": "question"}}, {"model": "contenttypes.contenttype", "pk": 14, "fields": {"app_label": "voting", "model": "questionoption"}}, {"model": "contenttypes.contenttype", "pk": 15, "fields": {"app_label": "voting", "model": "voting"}}, {"model": "sessions.session", "pk": "38vlchwl4ohak1ji2ayb5f1noqs4b7x6", "fields": {"session_data": "MzgzODg5NWVlZjUxNzljODU1MWNhYjI5OGNhNDQ5MmYzM2U3MmY5NTp7ImF1dGgtdG9rZW4iOiJmNjNiMzUwNTQ5NmQ5OTFlNzE2OGJhZTFhNzI0NGYyYmU5YzliODc0IiwiX2F1dGhfdXNlcl9pZCI6IjEiLCJfYXV0aF91c2VyX2JhY2tlbmQiOiJiYXNlLmJhY2tlbmRzLkF1dGhCYWNrZW5kIiwiX2F1dGhfdXNlcl9oYXNoIjoiZjEyMTBmNTA1YzhkMGZkNWRmNzAzYThlMTUwZDBmMDNjODJjOTcwYSJ9", "expire_date": "2022-12-27T08:06:25.488Z"}}, {"model": "sessions.session", "pk": "649opnohcg6y5wukffovk0rhputdf2z3", "fields": {"session_data": "MzgzODg5NWVlZjUxNzljODU1MWNhYjI5OGNhNDQ5MmYzM2U3MmY5NTp7ImF1dGgtdG9rZW4iOiJmNjNiMzUwNTQ5NmQ5OTFlNzE2OGJhZTFhNzI0NGYyYmU5YzliODc0IiwiX2F1dGhfdXNlcl9pZCI6IjEiLCJfYXV0aF91c2VyX2JhY2tlbmQiOiJiYXNlLmJhY2tlbmRzLkF1dGhCYWNrZW5kIiwiX2F1dGhfdXNlcl9oYXNoIjoiZjEyMTBmNTA1YzhkMGZkNWRmNzAzYThlMTUwZDBmMDNjODJjOTcwYSJ9", "expire_date": "2022-11-14T20:05:00.888Z"}}, {"model": "sessions.session", "pk": "lotq7009s20s5h55vxtzpuoa5g7wyhxf", "fields": {"session_data": "N2YyMTliZDQyMjU1ZWEyMTZlZmZmYTQ0NTI3OTkzMzFlMzdiZmRmODp7ImF1dGgtdG9rZW4iOiI3MGQ1NTQwNDNjMDkzODE3ZWU5YmVhYzY1NDFlNzljY2IyNGJhNGNjIiwiX2F1dGhfdXNlcl9pZCI6IjMiLCJfYXV0aF91c2VyX2JhY2tlbmQiOiJiYXNlLmJhY2tlbmRzLkF1dGhCYWNrZW5kIiwiX2F1dGhfdXNlcl9oYXNoIjoiMGU2ODBjMTg2NjJlZGI1MTgxOWEyMjIwZGU1NWJhN2E1NDA2MzNlMCJ9", "expire_date": "2022-12-06T15:23:24.526Z"}}, {"model": "sessions.session", "pk": "o4va4d1affgfuuxmhqrlwgsdn3l61g0l", "fields": {"session_data": "MzJjZjNhYjgzYjQ4ZDE4M2ViMDc4ZmVkNDMxZDVmNDdhMzEwMjVkYjp7ImF1dGgtdG9rZW4iOiIyMWExZDQ1MWRlYWE1MGYyZmI3NTc3MGYwZjk2NTk4Y2MyNDI0ZjU5IiwiX2F1dGhfdXNlcl9pZCI6IjEiLCJfYXV0aF91c2VyX2JhY2tlbmQiOiJiYXNlLmJhY2tlbmRzLkF1dGhCYWNrZW5kIiwiX2F1dGhfdXNlcl9oYXNoIjoiZjEyMTBmNTA1YzhkMGZkNWRmNzAzYThlMTUwZDBmMDNjODJjOTcwYSJ9", "expire_date": "2022-10-25T09:26:09.600Z"}}, {"model": "sessions.session", "pk": "tvva2c3lb1kzgug7zruzfyo63pwc7eqz", "fields": {"session_data": "MzJjZjNhYjgzYjQ4ZDE4M2ViMDc4ZmVkNDMxZDVmNDdhMzEwMjVkYjp7ImF1dGgtdG9rZW4iOiIyMWExZDQ1MWRlYWE1MGYyZmI3NTc3MGYwZjk2NTk4Y2MyNDI0ZjU5IiwiX2F1dGhfdXNlcl9pZCI6IjEiLCJfYXV0aF91c2VyX2JhY2tlbmQiOiJiYXNlLmJhY2tlbmRzLkF1dGhCYWNrZW5kIiwiX2F1dGhfdXNlcl9oYXNoIjoiZjEyMTBmNTA1YzhkMGZkNWRmNzAzYThlMTUwZDBmMDNjODJjOTcwYSJ9", "expire_date": "2022-10-31T22:17:01.446Z"}}, {"model": "base.auth", "pk": 1, "fields": {"name": "practicas", "url": "http://www.google.com", "me": true}}, {"model": "base.auth", "pk": 2, "fields": {"name": "test auth", "url": "http://127.0.0.1:8000", "me": true}}, {"model": "base.key", "pk": 1, "fields": {"p": 100240512644652154330123726972497152161220187227363409406742122588577707348019, "g": 86576672222121227047052965838282328173183450871537798278667828127075105883713, "y": 7528089301199735594550896443633359810446673435903297857249449028869557459111, "x": 66606556350852857334643129019864966983535894631991365734461398938768505063470}}, {"model": "base.key", "pk": 2, "fields": {"p": 100240512644652154330123726972497152161220187227363409406742122588577707348019, "g": 86576672222121227047052965838282328173183450871537798278667828127075105883713, "y": 7528089301199735594550896443633359810446673435903297857249449028869557459111, "x": 0}}, {"model": "base.key", "pk": 3, "fields": {"p": 100240512644652154330123726972497152161220187227363409406742122588577707348019, "g": 86576672222121227047052965838282328173183450871537798278667828127075105883713, "y": 7528089301199735594550896443633359810446673435903297857249449028869557459111, "x": 0}}, {"model": "base.key", "pk": 4, "fields": {"p": 64126752792786725261843735847540780677950182231800425432155224988234364007759, "g": 30620817032036993632269744079027181579278298219386322713591720307426173978274, "y": 35656011875442236700464600084855284964375417676323478818028745708868789944072, "x": 56797551612799707683860225028475461074859622738433611984985336723082238295278}}, {"model": "base.key", "pk": 5, "fields": {"p": 64126752792786725261843735847540780677950182231800425432155224988234364007759, "g": 30620817032036993632269744079027181579278298219386322713591720307426173978274, "y": 35656011875442236700464600084855284964375417676323478818028745708868789944072, "x": 0}}, {"model": "base.key", "pk": 6, "fields": {"p": 64126752792786725261843735847540780677950182231800425432155224988234364007759, "g": 30620817032036993632269744079027181579278298219386322713591720307426173978274, "y": 35656011875442236700464600084855284964375417676323478818028745708868789944072, "x": 0}}, {"model": "base.key", "pk": 7, "fields": {"p": 88160128200054163831676359399336659447126118245211870048203694761510981892787, "g": 7404389205899733466947522283829563865878447576120464680195844252490151566117, "y": 63828178794466076927224465931086522144523218268297363574160092783887331552013, "x": 15370941105911992317807204402370100507437315051709878277145945055288093053205}}, {"model": "base.key", "pk": 8, "fields": {"p": 88160128200054163831676359399336659447126118245211870048203694761510981892787, "g": 7404389205899733466947522283829563865878447576120464680195844252490151566117, "y": 63828178794466076927224465931086522144523218268297363574160092783887331552013, "x": 0}}, {"model": "base.key", "pk": 9, "fields": {"p": 88160128200054163831676359399336659447126118245211870048203694761510981892787, "g": 7404389205899733466947522283829563865878447576120464680195844252490151566117, "y": 63828178794466076927224465931086522144523218268297363574160092783887331552013, "x": 0}}, {"model": "base.key", "pk": 10, "fields": {"p": 65562218400585627742309151855802433267854227199428695463052675948491801317067, "g": 52913959477583820486942779417866603730606542527865411178185733301059745766001, "y": 1785406218868507725499624599614856781634464697955693054937480807823082659061, "x": 61771171277426114555034715856830862406148976635427788330555457455261011809267}}, {"model": "base.key", "pk": 11, "fields": {"p": 65562218400585627742309151855802433267854227199428695463052675948491801317067, "g": 52913959477583820486942779417866603730606542527865411178185733301059745766001, "y": 1785406218868507725499624599614856781634464697955693054937480807823082659061, "x": 0}}, {"model": "base.key", "pk": 12, "fields": {"p": 65562218400585627742309151855802433267854227199428695463052675948491801317067, "g": 52913959477583820486942779417866603730606542527865411178185733301059745766001, "y": 1785406218868507725499624599614856781634464697955693054937480807823082659061, "x": 0}}, {"model": "census.census", "pk": 1, "fields": {"voting_id": 1, "voter_id": 1}}, {"model": "census.census", "pk": 2, "fields": {"voting_id": 4, "voter_id": 1}}, {"model": "mixnet.mixnet", "pk": 1, "fields": {"voting_id": 3, "auth_position": 0, "key": 1, "pubkey": 2, "auths": [2]}}, {"model": "mixnet.mixnet", "pk": 2, "fields": {"voting_id": 4, "auth_position": 0, "key": 4, "pubkey": 5, "auths": [2]}}, {"model": "mixnet.mixnet", "pk": 3, "fields": {"voting_id": 5, "auth_position": 0, "key": 7, "pubkey": 8, "auths": [2]}}, {"model": "mixnet.mixnet", "pk": 4, "fields": {"voting_id": 6, "auth_position": 0, "key": 10, "pubkey": 11, "auths": [2]}}, {"model": "voting.question", "pk": 1, "fields": {"desc": "Pregunta prueba"}}, {"model": "voting.question", "pk": 2, "fields": {"desc": "\u00bfQue opinas?"}}, {"model": "voting.question", "pk": 3, "fields": {"desc": "\u00bfQue?"}}, {"model": "voting.question", "pk": 4, "fields": {"desc": "HOla"}}, {"model": "voting.question", "pk": 5, "fields": {"desc": "\u00bfHOlaaaa?"}}, {"model": "voting.question", "pk": 6, "fields": {"desc": "\u00bfDE acuerdo?"}}, {"model": "voting.questionoption", "pk": 1, "fields": {"question": 1, "number": 2, "option": "SI"}}, {"model": "voting.questionoption", "pk": 2, "fields": {"question": 1, "number": 3, "option": "No"}}, {"model": "voting.questionoption", "pk": 3, "fields": {"question": 2, "number": 2, "option": "SI"}}, {"model": "voting.questionoption", "pk": 4, "fields": {"question": 2, "number": 1, "option": "No"}}, {"model": "voting.questionoption", "pk": 5, "fields": {"question": 2, "number": 2, "option": "No s\u00e9"}}, {"model": "voting.questionoption", "pk": 6, "fields": {"question": 2, "number": 3, "option": " Probablemente"}}, {"model": "voting.questionoption", "pk": 7, "fields": {"question": 2, "number": 4, "option": " Probablemente no"}}, {"model": "voting.questionoption", "pk": 8, "fields": {"question": 2, "number": 5, "option": " Atencion"}}, {"model": "voting.questionoption", "pk": 9, "fields": {"question": 3, "number": 2, "option": "SI"}}, {"model": "voting.questionoption", "pk": 10, "fields": {"question": 3, "number": 1, "option": " WA"}}, {"model": "voting.questionoption", "pk": 11, "fields": {"question": 3, "number": 2, "option": " SOL"}}, {"model": "voting.questionoption", "pk": 12, "fields": {"question": 4, "number": 2, "option": "SI"}}, {"model": "voting.questionoption", "pk": 13, "fields": {"question": 4, "number": 1, "option": "NO"}}, {"model": "voting.questionoption", "pk": 14, "fields": {"question": 5, "number": 2, "option": "SI"}}, {"model": "voting.questionoption", "pk": 15, "fields": {"question": 5, "number": 1, "option": "No"}}, {"model": "voting.questionoption", "pk": 16, "fields": {"question": 6, "number": 2, "option": "Si"}}, {"model": "voting.questionoption", "pk": 17, "fields": {"question": 6, "number": 1, "option": " ya ves"}}, {"model": "voting.voting", "pk": 4, "fields": {"name": "Hola", "desc": "Si", "question": 4, "start_date": "2022-12-13T08:45:50.937Z", "end_date": null, "pub_key": 6, "tally": null, "postproc": null, "auths": [2]}}, {"model": "voting.voting", "pk": 5, "fields": {"name": "Votacion hola", "desc": "DEsc nueva", "question": 5, "start_date": "2022-12-13T09:03:50.726Z", "end_date": "2022-12-13T09:07:56.420Z", "pub_key": 9, "tally": [], "postproc": [{"votes": 0, "number": 2, "option": "SI", "postproc": 0}, {"votes": 0, "number": 1, "option": "No", "postproc": 0}], "auths": [2]}}, {"model": "voting.voting", "pk": 6, "fields": {"name": "Juan", "desc": "SE quiere morir", "question": 6, "start_date": "2022-12-13T09:06:01.805Z", "end_date": "2022-12-13T09:07:29.737Z", "pub_key": 12, "tally": [], "postproc": [{"votes": 0, "number": 2, "option": "Si", "postproc": 0}, {"votes": 0, "number": 1, "option": " ya ves", "postproc": 0}], "auths": [2]}}, {"model": "auth.permission", "pk": 1, "fields": {"name": "Can add log entry", "content_type": 1, "codename": "add_logentry"}}, {"model": "auth.permission", "pk": 2, "fields": {"name": "Can change log entry", "content_type": 1, "codename": "change_logentry"}}, {"model": "auth.permission", "pk": 3, "fields": {"name": "Can delete log entry", "content_type": 1, "codename": "delete_logentry"}}, {"model": "auth.permission", "pk": 4, "fields": {"name": "Can add permission", "content_type": 2, "codename": "add_permission"}}, {"model": "auth.permission", "pk": 5, "fields": {"name": "Can change permission", "content_type": 2, "codename": "change_permission"}}, {"model": "auth.permission", "pk": 6, "fields": {"name": "Can delete permission", "content_type": 2, "codename": "delete_permission"}}, {"model": "auth.permission", "pk": 7, "fields": {"name": "Can add group", "content_type": 3, "codename": "add_group"}}, {"model": "auth.permission", "pk": 8, "fields": {"name": "Can change group", "content_type": 3, "codename": "change_group"}}, {"model": "auth.permission", "pk": 9, "fields": {"name": "Can delete group", "content_type": 3, "codename": "delete_group"}}, {"model": "auth.permission", "pk": 10, "fields": {"name": "Can add user", "content_type": 4, "codename": "add_user"}}, {"model": "auth.permission", "pk": 11, "fields": {"name": "Can change user", "content_type": 4, "codename": "change_user"}}, {"model": "auth.permission", "pk": 12, "fields": {"name": "Can delete user", "content_type": 4, "codename": "delete_user"}}, {"model": "auth.permission", "pk": 13, "fields": {"name": "Can add content type", "content_type": 5, "codename": "add_contenttype"}}, {"model": "auth.permission", "pk": 14, "fields": {"name": "Can change content type", "content_type": 5, "codename": "change_contenttype"}}, {"model": "auth.permission", "pk": 15, "fields": {"name": "Can delete content type", "content_type": 5, "codename": "delete_contenttype"}}, {"model": "auth.permission", "pk": 16, "fields": {"name": "Can add session", "content_type": 6, "codename": "add_session"}}, {"model": "auth.permission", "pk": 17, "fields": {"name": "Can change session", "content_type": 6, "codename": "change_session"}}, {"model": "auth.permission", "pk": 18, "fields": {"name": "Can delete session", "content_type": 6, "codename": "delete_session"}}, {"model": "auth.permission", "pk": 19, "fields": {"name": "Can add Token", "content_type": 7, "codename": "add_token"}}, {"model": "auth.permission", "pk": 20, "fields": {"name": "Can change Token", "content_type": 7, "codename": "change_token"}}, {"model": "auth.permission", "pk": 21, "fields": {"name": "Can delete Token", "content_type": 7, "codename": "delete_token"}}, {"model": "auth.permission", "pk": 22, "fields": {"name": "Can add auth", "content_type": 8, "codename": "add_auth"}}, {"model": "auth.permission", "pk": 23, "fields": {"name": "Can change auth", "content_type": 8, "codename": "change_auth"}}, {"model": "auth.permission", "pk": 24, "fields": {"name": "Can delete auth", "content_type": 8, "codename": "delete_auth"}}, {"model": "auth.permission", "pk": 25, "fields": {"name": "Can add key", "content_type": 9, "codename": "add_key"}}, {"model": "auth.permission", "pk": 26, "fields": {"name": "Can change key", "content_type": 9, "codename": "change_key"}}, {"model": "auth.permission", "pk": 27, "fields": {"name": "Can delete key", "content_type": 9, "codename": "delete_key"}}, {"model": "auth.permission", "pk": 28, "fields": {"name": "Can add census", "content_type": 10, "codename": "add_census"}}, {"model": "auth.permission", "pk": 29, "fields": {"name": "Can change census", "content_type": 10, "codename": "change_census"}}, {"model": "auth.permission", "pk": 30, "fields": {"name": "Can delete census", "content_type": 10, "codename": "delete_census"}}, {"model": "auth.permission", "pk": 31, "fields": {"name": "Can add mixnet", "content_type": 11, "codename": "add_mixnet"}}, {"model": "auth.permission", "pk": 32, "fields": {"name": "Can change mixnet", "content_type": 11, "codename": "change_mixnet"}}, {"model": "auth.permission", "pk": 33, "fields": {"name": "Can delete mixnet", "content_type": 11, "codename": "delete_mixnet"}}, {"model": "auth.permission", "pk": 34, "fields": {"name": "Can add vote", "content_type": 12, "codename": "add_vote"}}, {"model": "auth.permission", "pk": 35, "fields": {"name": "Can change vote", "content_type": 12, "codename": "change_vote"}}, {"model": "auth.permission", "pk": 36, "fields": {"name": "Can delete vote", "content_type": 12, "codename": "delete_vote"}}, {"model": "auth.permission", "pk": 37, "fields": {"name": "Can add question", "content_type": 13, "codename": "add_question"}}, {"model": "auth.permission", "pk": 38, "fields": {"name": "Can change question", "content_type": 13, "codename": "change_question"}}, {"model": "auth.permission", "pk": 39, "fields": {"name": "Can delete question", "content_type": 13, "codename": "delete_question"}}, {"model": "auth.permission", "pk": 40, "fields": {"name": "Can add question option", "content_type": 14, "codename": "add_questionoption"}}, {"model": "auth.permission", "pk": 41, "fields": {"name": "Can change question option", "content_type": 14, "codename": "change_questionoption"}}, {"model": "auth.permission", "pk": 42, "fields": {"name": "Can delete question option", "content_type": 14, "codename": "delete_questionoption"}}, {"model": "auth.permission", "pk": 43, "fields": {"name": "Can add voting", "content_type": 15, "codename": "add_voting"}}, {"model": "auth.permission", "pk": 44, "fields": {"name": "Can change voting", "content_type": 15, "codename": "change_voting"}}, {"model": "auth.permission", "pk": 45, "fields": {"name": "Can delete voting", "content_type": 15, "codename": "delete_voting"}}, {"model": "auth.group", "pk": 1, "fields": {"name": "Grupo de prueba", "permissions": []}}, {"model": "auth.user", "pk": 1, "fields": {"password": "pbkdf2_sha256$100000$14r3HdGgjOva$jIMPM4a7i08sQPmYJWTWyqRvClwsyA/xXRA0hDeDW8k=", "last_login": "2022-12-13T08:06:25.479Z", "is_superuser": true, "username": "practicas", "first_name": "", "last_name": "", "email": "2018pesphoy@iestorrealmirante.org", "is_staff": true, "is_active": true, "date_joined": "2022-10-11T09:22:12.826Z", "groups": [], "user_permissions": []}}, {"model": "auth.user", "pk": 2, "fields": {"password": "pbkdf2_sha256$100000$WRZpyuqmd6iH$r8qt8guZUnwxNhcR1fGDY7IGtyNFPCkWMaBUYjptt5U=", "last_login": null, "is_superuser": false, "username": "user1", "first_name": "Pablo", "last_name": "Espada Hoyo", "email": "pabloespadahoyo@gmail.com", "is_staff": false, "is_active": true, "date_joined": "2022-10-31T20:03:58Z", "groups": [], "user_permissions": []}}, {"model": "auth.user", "pk": 3, "fields": {"password": "pbkdf2_sha256$100000$ttvkRqfejOxA$GhdMDrvuGWlCUROlYKJZO+yQZsfs1nTBP2Jh9UxRpcg=", "last_login": "2022-11-22T15:23:24.517Z", "is_superuser": true, "username": "admin", "first_name": "", "last_name": "", "email": "pabesphoy@alum.us.es", "is_staff": true, "is_active": true, "date_joined": "2022-11-22T15:23:13.709Z", "groups": [], "user_permissions": []}}, {"model": "auth.user", "pk": 4, "fields": {"password": "pbkdf2_sha256$100000$2IFsShm7sqFA$Qx4qhtzuB3iFLq+nDQ8Qsx9LMcBbW1dgdtY1dBO4PpA=", "last_login": null, "is_superuser": true, "username": "admin123", "first_name": "", "last_name": "", "email": "kakakakkakaka@email.com", "is_staff": true, "is_active": true, "date_joined": "2022-11-30T10:57:03.374Z", "groups": [], "user_permissions": []}}, {"model": "authtoken.token", "pk": "70d554043c093817ee9beac6541e79ccb24ba4cc", "fields": {"user": 3, "created": "2022-11-22T15:23:24.396Z"}}, {"model": "authtoken.token", "pk": "edda8383b93a4c2a4489728f0ab68f385fab9520", "fields": {"user": 2, "created": "2022-10-31T20:04:44.441Z"}}, {"model": "authtoken.token", "pk": "f63b3505496d991e7168bae1a7244f2be9c9b874", "fields": {"user": 1, "created": "2022-10-31T19:50:20.379Z"}}, {"model": "admin.logentry", "pk": 1, "fields": {"action_time": "2022-10-18T10:15:17.297Z", "user": 1, "content_type": 13, "object_id": "1", "object_repr": "Pregunta prueba", "action_flag": 1, "change_message": "[{\"added\": {}}, {\"added\": {\"name\": \"question option\", \"object\": \"SI (2)\"}}, {\"added\": {\"name\": \"question option\", \"object\": \"No (3)\"}}]"}}, {"model": "admin.logentry", "pk": 2, "fields": {"action_time": "2022-10-18T10:15:54.323Z", "user": 1, "content_type": 8, "object_id": "1", "object_repr": "http://www.google.com", "action_flag": 1, "change_message": "[{\"added\": {}}]"}}, {"model": "admin.logentry", "pk": 3, "fields": {"action_time": "2022-10-18T10:15:56.590Z", "user": 1, "content_type": 15, "object_id": "1", "object_repr": "Votacion prueba", "action_flag": 1, "change_message": "[{\"added\": {}}]"}}, {"model": "admin.logentry", "pk": 4, "fields": {"action_time": "2022-10-31T19:50:13.124Z", "user": 1, "content_type": 7, "object_id": "21a1d451deaa50f2fb75770f0f96598cc2424f59", "object_repr": "21a1d451deaa50f2fb75770f0f96598cc2424f59", "action_flag": 3, "change_message": ""}}, {"model": "admin.logentry", "pk": 5, "fields": {"action_time": "2022-10-31T19:50:20.379Z", "user": 1, "content_type": 7, "object_id": "f63b3505496d991e7168bae1a7244f2be9c9b874", "object_repr": "f63b3505496d991e7168bae1a7244f2be9c9b874", "action_flag": 1, "change_message": "[{\"added\": {}}]"}}, {"model": "admin.logentry", "pk": 6, "fields": {"action_time": "2022-10-31T19:52:51.258Z", "user": 1, "content_type": 3, "object_id": "1", "object_repr": "Grupo de prueba", "action_flag": 1, "change_message": "[{\"added\": {}}]"}}, {"model": "admin.logentry", "pk": 7, "fields": {"action_time": "2022-10-31T19:55:24.454Z", "user": 1, "content_type": 10, "object_id": "1", "object_repr": "Census object (1)", "action_flag": 1, "change_message": "[{\"added\": {}}]"}}, {"model": "admin.logentry", "pk": 8, "fields": {"action_time": "2022-10-31T20:00:13.249Z", "user": 1, "content_type": 12, "object_id": "1", "object_repr": "1: 1", "action_flag": 1, "change_message": "[{\"added\": {}}]"}}, {"model": "admin.logentry", "pk": 9, "fields": {"action_time": "2022-10-31T20:03:58.939Z", "user": 1, "content_type": 4, "object_id": "2", "object_repr": "user1", "action_flag": 1, "change_message": "[{\"added\": {}}]"}}, {"model": "admin.logentry", "pk": 10, "fields": {"action_time": "2022-10-31T20:04:33.658Z", "user": 1, "content_type": 4, "object_id": "2", "object_repr": "user1", "action_flag": 2, "change_message": "[{\"changed\": {\"fields\": [\"first_name\", \"last_name\", \"email\"]}}]"}}, {"model": "admin.logentry", "pk": 11, "fields": {"action_time": "2022-10-31T20:06:20.683Z", "user": 1, "content_type": 15, "object_id": "1", "object_repr": "Votacion prueba", "action_flag": 2, "change_message": "[]"}}, {"model": "admin.logentry", "pk": 12, "fields": {"action_time": "2022-12-13T08:23:09.301Z", "user": 1, "content_type": 12, "object_id": "2", "object_repr": "2: 1", "action_flag": 1, "change_message": "[{\"added\": {}}]"}}, {"model": "admin.logentry", "pk": 13, "fields": {"action_time": "2022-12-13T08:43:48.041Z", "user": 1, "content_type": 15, "object_id": "3", "object_repr": "VOtacion 3", "action_flag": 3, "change_message": ""}}, {"model": "admin.logentry", "pk": 14, "fields": {"action_time": "2022-12-13T08:43:48.051Z", "user": 1, "content_type": 15, "object_id": "2", "object_repr": "Votacion Pablo", "action_flag": 3, "change_message": ""}}, {"model": "admin.logentry", "pk": 15, "fields": {"action_time": "2022-12-13T08:43:48.060Z", "user": 1, "content_type": 15, "object_id": "1", "object_repr": "Votacion prueba", "action_flag": 3, "change_message": ""}}, {"model": "admin.logentry", "pk": 16, "fields": {"action_time": "2022-12-13T08:47:35.091Z", "user": 1, "content_type": 12, "object_id": "2", "object_repr": "2: 1", "action_flag": 3, "change_message": ""}}, {"model": "admin.logentry", "pk": 17, "fields": {"action_time": "2022-12-13T08:47:35.117Z", "user": 1, "content_type": 12, "object_id": "1", "object_repr": "1: 1", "action_flag": 3, "change_message": ""}}, {"model": "admin.logentry", "pk": 18, "fields": {"action_time": "2022-12-13T09:01:34.504Z", "user": 1, "content_type": 10, "object_id": "2", "object_repr": "Census object (2)", "action_flag": 1, "change_message": "[{\"added\": {}}]"}}]